iso_alpha,country
AFG,Afghanistan
AFG,Afghanistan
AFG,Afghanistan
AFG,Afghanistan
AFG,Afghanistan
AFG,Afghanistan
AFG,Afghanistan
AFG,Afghanistan
AFG,Afghanistan
AFG,Afghanistan
AFG,Afghanistan
AFG,Afghanistan
ALB,Albania
ALB,Albania
ALB,Albania
ALB,Albania
ALB,Albania
ALB,Albania
ALB,Albania
ALB,Albania
ALB,Albania
ALB,Albania
ALB,Albania
ALB,Albania
DZA,Algeria
DZA,Algeria
DZA,Algeria
DZA,Algeria
DZA,Algeria
DZA,Algeria
DZA,Algeria
DZA,Algeria
DZA,Algeria
DZA,Algeria
DZA,Algeria
DZA,Algeria
AGO,Angola
AGO,Angola
AGO,Angola
AGO,Angola
AGO,Angola
AGO,Angola
AGO,Angola
AGO,Angola
AGO,Angola
AGO,Angola
AGO,Angola
AGO,Angola
ARG,Argentina
ARG,Argentina
ARG,Argentina
ARG,Argentina
ARG,Argentina
ARG,Argentina
ARG,Argentina
ARG,Argentina
ARG,Argentina
ARG,Argentina
ARG,Argentina
ARG,Argentina
AUS,Australia
AUS,Australia
AUS,Australia
AUS,Australia
AUS,Australia
AUS,Australia
AUS,Australia
AUS,Australia
AUS,Australia
AUS,Australia
AUS,Australia
AUS,Australia
AUT,Austria
AUT,Austria
AUT,Austria
AUT,Austria
AUT,Austria
AUT,Austria
AUT,Austria
AUT,Austria
AUT,Austria
AUT,Austria
AUT,Austria
AUT,Austria
BHR,Bahrain
BHR,Bahrain
BHR,Bahrain
BHR,Bahrain
BHR,Bahrain
BHR,Bahrain
BHR,Bahrain
BHR,Bahrain
BHR,Bahrain
BHR,Bahrain
BHR,Bahrain
BHR,Bahrain
BGD,Bangladesh
BGD,Bangladesh
BGD,Bangladesh
BGD,Bangladesh
BGD,Bangladesh
BGD,Bangladesh
BGD,Bangladesh
BGD,Bangladesh
BGD,Bangladesh
BGD,Bangladesh
BGD,Bangladesh
BGD,Bangladesh
BEL,Belgium
BEL,Belgium
BEL,Belgium
BEL,Belgium
BEL,Belgium
BEL,Belgium
BEL,Belgium
BEL,Belgium
BEL,Belgium
BEL,Belgium
BEL,Belgium
BEL,Belgium
BEN,Benin
BEN,Benin
BEN,Benin
BEN,Benin
BEN,Benin
BEN,Benin
BEN,Benin
BEN,Benin
BEN,Benin
BEN,Benin
BEN,Benin
BEN,Benin
BOL,Bolivia
BOL,Bolivia
BOL,Bolivia
BOL,Bolivia
BOL,Bolivia
BOL,Bolivia
BOL,Bolivia
BOL,Bolivia
BOL,Bolivia
BOL,Bolivia
BOL,Bolivia
BOL,Bolivia
BIH,Bosnia and Herzegovina
BIH,Bosnia and Herzegovina
BIH,Bosnia and Herzegovina
BIH,Bosnia and Herzegovina
BIH,Bosnia and Herzegovina
BIH,Bosnia and Herzegovina
BIH,Bosnia and Herzegovina
BIH,Bosnia and Herzegovina
BIH,Bosnia and Herzegovina
BIH,Bosnia and Herzegovina
BIH,Bosnia and Herzegovina
BIH,Bosnia and Herzegovina
BWA,Botswana
BWA,Botswana
BWA,Botswana
BWA,Botswana
BWA,Botswana
BWA,Botswana
BWA,Botswana
BWA,Botswana
BWA,Botswana
BWA,Botswana
BWA,Botswana
BWA,Botswana
BRA,Brazil
BRA,Brazil
BRA,Brazil
BRA,Brazil
BRA,Brazil
BRA,Brazil
BRA,Brazil
BRA,Brazil
BRA,Brazil
BRA,Brazil
BRA,Brazil
BRA,Brazil
BGR,Bulgaria
BGR,Bulgaria
BGR,Bulgaria
BGR,Bulgaria
BGR,Bulgaria
BGR,Bulgaria
BGR,Bulgaria
BGR,Bulgaria
BGR,Bulgaria
BGR,Bulgaria
BGR,Bulgaria
BGR,Bulgaria
BFA,Burkina Faso
BFA,Burkina Faso
BFA,Burkina Faso
BFA,Burkina Faso
BFA,Burkina Faso
BFA,Burkina Faso
BFA,Burkina Faso
BFA,Burkina Faso
BFA,Burkina Faso
BFA,Burkina Faso
BFA,Burkina Faso
BFA,Burkina Faso
BDI,Burundi
BDI,Burundi
BDI,Burundi
BDI,Burundi
BDI,Burundi
BDI,Burundi
BDI,Burundi
BDI,Burundi
BDI,Burundi
BDI,Burundi
BDI,Burundi
BDI,Burundi
KHM,Cambodia
KHM,Cambodia
KHM,Cambodia
KHM,Cambodia
KHM,Cambodia
KHM,Cambodia
KHM,Cambodia
KHM,Cambodia
KHM,Cambodia
KHM,Cambodia
KHM,Cambodia
KHM,Cambodia
CMR,Cameroon
CMR,Cameroon
CMR,Cameroon
CMR,Cameroon
CMR,Cameroon
CMR,Cameroon
CMR,Cameroon
CMR,Cameroon
CMR,Cameroon
CMR,Cameroon
CMR,Cameroon
CMR,Cameroon
CAN,Canada
CAN,Canada
CAN,Canada
CAN,Canada
CAN,Canada
CAN,Canada
CAN,Canada
CAN,Canada
CAN,Canada
CAN,Canada
CAN,Canada
CAN,Canada
CAF,Central African Republic
CAF,Central African Republic
CAF,Central African Republic
CAF,Central African Republic
CAF,Central African Republic
CAF,Central African Republic
CAF,Central African Republic
CAF,Central African Republic
CAF,Central African Republic
CAF,Central African Republic
CAF,Central African Republic
CAF,Central African Republic
TCD,Chad
TCD,Chad
TCD,Chad
TCD,Chad
TCD,Chad
TCD,Chad
TCD,Chad
TCD,Chad
TCD,Chad
TCD,Chad
TCD,Chad
TCD,Chad
CHL,Chile
CHL,Chile
CHL,Chile
CHL,Chile
CHL,Chile
CHL,Chile
CHL,Chile
CHL,Chile
CHL,Chile
CHL,Chile
CHL,Chile
CHL,Chile
CHN,China
CHN,China
CHN,China
CHN,China
CHN,China
CHN,China
CHN,China
CHN,China
CHN,China
CHN,China
CHN,China
CHN,China
COL,Colombia
COL,Colombia
COL,Colombia
COL,Colombia
COL,Colombia
COL,Colombia
COL,Colombia
COL,Colombia
COL,Colombia
COL,Colombia
COL,Colombia
COL,Colombia
COM,Comoros
COM,Comoros
COM,Comoros
COM,Comoros
COM,Comoros
COM,Comoros
COM,Comoros
COM,Comoros
COM,Comoros
COM,Comoros
COM,Comoros
COM,Comoros
COD,"Congo, Dem. Rep."
COD,"Congo, Dem. Rep."
COD,"Congo, Dem. Rep."
COD,"Congo, Dem. Rep."
COD,"Congo, Dem. Rep."
COD,"Congo, Dem. Rep."
COD,"Congo, Dem. Rep."
COD,"Congo, Dem. Rep."
COD,"Congo, Dem. Rep."
COD,"Congo, Dem. Rep."
COD,"Congo, Dem. Rep."
COD,"Congo, Dem. Rep."
COG,"Congo, Rep."
COG,"Congo, Rep."
COG,"Congo, Rep."
COG,"Congo, Rep."
COG,"Congo, Rep."
COG,"Congo, Rep."
COG,"Congo, Rep."
COG,"Congo, Rep."
COG,"Congo, Rep."
COG,"Congo, Rep."
COG,"Congo, Rep."
COG,"Congo, Rep."
CRI,Costa Rica
CRI,Costa Rica
CRI,Costa Rica
CRI,Costa Rica
CRI,Costa Rica
CRI,Costa Rica
CRI,Costa Rica
CRI,Costa Rica
CRI,Costa Rica
CRI,Costa Rica
CRI,Costa Rica
CRI,Costa Rica
CIV,Cote d'Ivoire
CIV,Cote d'Ivoire
CIV,Cote d'Ivoire
CIV,Cote d'Ivoire
CIV,Cote d'Ivoire
CIV,Cote d'Ivoire
CIV,Cote d'Ivoire
CIV,Cote d'Ivoire
CIV,Cote d'Ivoire
CIV,Cote d'Ivoire
CIV,Cote d'Ivoire
CIV,Cote d'Ivoire
HRV,Croatia
HRV,Croatia
HRV,Croatia
HRV,Croatia
HRV,Croatia
HRV,Croatia
HRV,Croatia
HRV,Croatia
HRV,Croatia
HRV,Croatia
HRV,Croatia
HRV,Croatia
CUB,Cuba
CUB,Cuba
CUB,Cuba
CUB,Cuba
CUB,Cuba
CUB,Cuba
CUB,Cuba
CUB,Cuba
CUB,Cuba
CUB,Cuba
CUB,Cuba
CUB,Cuba
CZE,Czech Republic
CZE,Czech Republic
CZE,Czech Republic
CZE,Czech Republic
CZE,Czech Republic
CZE,Czech Republic
CZE,Czech Republic
CZE,Czech Republic
CZE,Czech Republic
CZE,Czech Republic
CZE,Czech Republic
CZE,Czech Republic
DNK,Denmark
DNK,Denmark
DNK,Denmark
DNK,Denmark
DNK,Denmark
DNK,Denmark
DNK,Denmark
DNK,Denmark
DNK,Denmark
DNK,Denmark
DNK,Denmark
DNK,Denmark
DJI,Djibouti
DJI,Djibouti
DJI,Djibouti
DJI,Djibouti
DJI,Djibouti
DJI,Djibouti
DJI,Djibouti
DJI,Djibouti
DJI,Djibouti
DJI,Djibouti
DJI,Djibouti
DJI,Djibouti
DOM,Dominican Republic
DOM,Dominican Republic
DOM,Dominican Republic
DOM,Dominican Republic
DOM,Dominican Republic
DOM,Dominican Republic
DOM,Dominican Republic
DOM,Dominican Republic
DOM,Dominican Republic
DOM,Dominican Republic
DOM,Dominican Republic
DOM,Dominican Republic
ECU,Ecuador
ECU,Ecuador
ECU,Ecuador
ECU,Ecuador
ECU,Ecuador
ECU,Ecuador
ECU,Ecuador
ECU,Ecuador
ECU,Ecuador
ECU,Ecuador
ECU,Ecuador
ECU,Ecuador
EGY,Egypt
EGY,Egypt
EGY,Egypt
EGY,Egypt
EGY,Egypt
EGY,Egypt
EGY,Egypt
EGY,Egypt
EGY,Egypt
EGY,Egypt
EGY,Egypt
EGY,Egypt
SLV,El Salvador
SLV,El Salvador
SLV,El Salvador
SLV,El Salvador
SLV,El Salvador
SLV,El Salvador
SLV,El Salvador
SLV,El Salvador
SLV,El Salvador
SLV,El Salvador
SLV,El Salvador
SLV,El Salvador
GNQ,Equatorial Guinea
GNQ,Equatorial Guinea
GNQ,Equatorial Guinea
GNQ,Equatorial Guinea
GNQ,Equatorial Guinea
GNQ,Equatorial Guinea
GNQ,Equatorial Guinea
GNQ,Equatorial Guinea
GNQ,Equatorial Guinea
GNQ,Equatorial Guinea
GNQ,Equatorial Guinea
GNQ,Equatorial Guinea
ERI,Eritrea
ERI,Eritrea
ERI,Eritrea
ERI,Eritrea
ERI,Eritrea
ERI,Eritrea
ERI,Eritrea
ERI,Eritrea
ERI,Eritrea
ERI,Eritrea
ERI,Eritrea
ERI,Eritrea
ETH,Ethiopia
ETH,Ethiopia
ETH,Ethiopia
ETH,Ethiopia
ETH,Ethiopia
ETH,Ethiopia
ETH,Ethiopia
ETH,Ethiopia
ETH,Ethiopia
ETH,Ethiopia
ETH,Ethiopia
ETH,Ethiopia
FIN,Finland
FIN,Finland
FIN,Finland
FIN,Finland
FIN,Finland
FIN,Finland
FIN,Finland
FIN,Finland
FIN,Finland
FIN,Finland
FIN,Finland
FIN,Finland
FRA,France
FRA,France
FRA,France
FRA,France
FRA,France
FRA,France
FRA,France
FRA,France
FRA,France
FRA,France
FRA,France
FRA,France
GAB,Gabon
GAB,Gabon
GAB,Gabon
GAB,Gabon
GAB,Gabon
GAB,Gabon
GAB,Gabon
GAB,Gabon
GAB,Gabon
GAB,Gabon
GAB,Gabon
GAB,Gabon
GMB,Gambia
GMB,Gambia
GMB,Gambia
GMB,Gambia
GMB,Gambia
GMB,Gambia
GMB,Gambia
GMB,Gambia
GMB,Gambia
GMB,Gambia
GMB,Gambia
GMB,Gambia
DEU,Germany
DEU,Germany
DEU,Germany
DEU,Germany
DEU,Germany
DEU,Germany
DEU,Germany
DEU,Germany
DEU,Germany
DEU,Germany
DEU,Germany
DEU,Germany
GHA,Ghana
GHA,Ghana
GHA,Ghana
GHA,Ghana
GHA,Ghana
GHA,Ghana
GHA,Ghana
GHA,Ghana
GHA,Ghana
GHA,Ghana
GHA,Ghana
GHA,Ghana
GRC,Greece
GRC,Greece
GRC,Greece
GRC,Greece
GRC,Greece
GRC,Greece
GRC,Greece
GRC,Greece
GRC,Greece
GRC,Greece
GRC,Greece
GRC,Greece
GTM,Guatemala
GTM,Guatemala
GTM,Guatemala
GTM,Guatemala
GTM,Guatemala
GTM,Guatemala
GTM,Guatemala
GTM,Guatemala
GTM,Guatemala
GTM,Guatemala
GTM,Guatemala
GTM,Guatemala
GIN,Guinea
GIN,Guinea
GIN,Guinea
GIN,Guinea
GIN,Guinea
GIN,Guinea
GIN,Guinea
GIN,Guinea
GIN,Guinea
GIN,Guinea
GIN,Guinea
GIN,Guinea
GNB,Guinea-Bissau
GNB,Guinea-Bissau
GNB,Guinea-Bissau
GNB,Guinea-Bissau
GNB,Guinea-Bissau
GNB,Guinea-Bissau
GNB,Guinea-Bissau
GNB,Guinea-Bissau
GNB,Guinea-Bissau
GNB,Guinea-Bissau
GNB,Guinea-Bissau
GNB,Guinea-Bissau
HTI,Haiti
HTI,Haiti
HTI,Haiti
HTI,Haiti
HTI,Haiti
HTI,Haiti
HTI,Haiti
HTI,Haiti
HTI,Haiti
HTI,Haiti
HTI,Haiti
HTI,Haiti
HND,Honduras
HND,Honduras
HND,Honduras
HND,Honduras
HND,Honduras
HND,Honduras
HND,Honduras
HND,Honduras
HND,Honduras
HND,Honduras
HND,Honduras
HND,Honduras
HKG,"Hong Kong, China"
HKG,"Hong Kong, China"
HKG,"Hong Kong, China"
HKG,"Hong Kong, China"
HKG,"Hong Kong, China"
HKG,"Hong Kong, China"
HKG,"Hong Kong, China"
HKG,"Hong Kong, China"
HKG,"Hong Kong, China"
HKG,"Hong Kong, China"
HKG,"Hong Kong, China"
HKG,"Hong Kong, China"
HUN,Hungary
HUN,Hungary
HUN,Hungary
HUN,Hungary
HUN,Hungary
HUN,Hungary
HUN,Hungary
HUN,Hungary
HUN,Hungary
HUN,Hungary
HUN,Hungary
HUN,Hungary
ISL,Iceland
ISL,Iceland
ISL,Iceland
ISL,Iceland
ISL,Iceland
ISL,Iceland
ISL,Iceland
ISL,Iceland
ISL,Iceland
ISL,Iceland
ISL,Iceland
ISL,Iceland
IND,India
IND,India
IND,India
IND,India
IND,India
IND,India
IND,India
IND,India
IND,India
IND,India
IND,India
IND,India
IDN,Indonesia
IDN,Indonesia
IDN,Indonesia
IDN,Indonesia
IDN,Indonesia
IDN,Indonesia
IDN,Indonesia
IDN,Indonesia
IDN,Indonesia
IDN,Indonesia
IDN,Indonesia
IDN,Indonesia
IRN,Iran
IRN,Iran
IRN,Iran
IRN,Iran
IRN,Iran
IRN,Iran
IRN,Iran
IRN,Iran
IRN,Iran
IRN,Iran
IRN,Iran
IRN,Iran
IRQ,Iraq
IRQ,Iraq
IRQ,Iraq
IRQ,Iraq
IRQ,Iraq
IRQ,Iraq
IRQ,Iraq
IRQ,Iraq
IRQ,Iraq
IRQ,Iraq
IRQ,Iraq
IRQ,Iraq
IRL,Ireland
IRL,Ireland
IRL,Ireland
IRL,Ireland
IRL,Ireland
IRL,Ireland
IRL,Ireland
IRL,Ireland
IRL,Ireland
IRL,Ireland
IRL,Ireland
IRL,Ireland
ISR,Israel
ISR,Israel
ISR,Israel
ISR,Israel
ISR,Israel
ISR,Israel
ISR,Israel
ISR,Israel
ISR,Israel
ISR,Israel
ISR,Israel
ISR,Israel
ITA,Italy
ITA,Italy
ITA,Italy
ITA,Italy
ITA,Italy
ITA,Italy
ITA,Italy
ITA,Italy
ITA,Italy
ITA,Italy
ITA,Italy
ITA,Italy
JAM,Jamaica
JAM,Jamaica
JAM,Jamaica
JAM,Jamaica
JAM,Jamaica
JAM,Jamaica
JAM,Jamaica
JAM,Jamaica
JAM,Jamaica
JAM,Jamaica
JAM,Jamaica
JAM,Jamaica
JPN,Japan
JPN,Japan
JPN,Japan
JPN,Japan
JPN,Japan
JPN,Japan
JPN,Japan
JPN,Japan
JPN,Japan
JPN,Japan
JPN,Japan
JPN,Japan
JOR,Jordan
JOR,Jordan
JOR,Jordan
JOR,Jordan
JOR,Jordan
JOR,Jordan
JOR,Jordan
JOR,Jordan
JOR,Jordan
JOR,Jordan
JOR,Jordan
JOR,Jordan
KEN,Kenya
KEN,Kenya
KEN,Kenya
KEN,Kenya
KEN,Kenya
KEN,Kenya
KEN,Kenya
KEN,Kenya
KEN,Kenya
KEN,Kenya
KEN,Kenya
KEN,Kenya
KOR,"Korea, Dem. Rep."
KOR,"Korea, Dem. Rep."
KOR,"Korea, Dem. Rep."
KOR,"Korea, Dem. Rep."
KOR,"Korea, Dem. Rep."
KOR,"Korea, Dem. Rep."
KOR,"Korea, Dem. Rep."
KOR,"Korea, Dem. Rep."
KOR,"Korea, Dem. Rep."
KOR,"Korea, Dem. Rep."
KOR,"Korea, Dem. Rep."
KOR,"Korea, Dem. Rep."
KOR,"Korea, Rep."
KOR,"Korea, Rep."
KOR,"Korea, Rep."
KOR,"Korea, Rep."
KOR,"Korea, Rep."
KOR,"Korea, Rep."
KOR,"Korea, Rep."
KOR,"Korea, Rep."
KOR,"Korea, Rep."
KOR,"Korea, Rep."
KOR,"Korea, Rep."
KOR,"Korea, Rep."
KWT,Kuwait
KWT,Kuwait
KWT,Kuwait
KWT,Kuwait
KWT,Kuwait
KWT,Kuwait
KWT,Kuwait
KWT,Kuwait
KWT,Kuwait
KWT,Kuwait
KWT,Kuwait
KWT,Kuwait
LBN,Lebanon
LBN,Lebanon
LBN,Lebanon
LBN,Lebanon
LBN,Lebanon
LBN,Lebanon
LBN,Lebanon
LBN,Lebanon
LBN,Lebanon
LBN,Lebanon
LBN,Lebanon
LBN,Lebanon
LSO,Lesotho
LSO,Lesotho
LSO,Lesotho
LSO,Lesotho
LSO,Lesotho
LSO,Lesotho
LSO,Lesotho
LSO,Lesotho
LSO,Lesotho
LSO,Lesotho
LSO,Lesotho
LSO,Lesotho
LBR,Liberia
LBR,Liberia
LBR,Liberia
LBR,Liberia
LBR,Liberia
LBR,Liberia
LBR,Liberia
LBR,Liberia
LBR,Liberia
LBR,Liberia
LBR,Liberia
LBR,Liberia
LBY,Libya
LBY,Libya
LBY,Libya
LBY,Libya
LBY,Libya
LBY,Libya
LBY,Libya
LBY,Libya
LBY,Libya
LBY,Libya
LBY,Libya
LBY,Libya
MDG,Madagascar
MDG,Madagascar
MDG,Madagascar
MDG,Madagascar
MDG,Madagascar
MDG,Madagascar
MDG,Madagascar
MDG,Madagascar
MDG,Madagascar
MDG,Madagascar
MDG,Madagascar
MDG,Madagascar
MWI,Malawi
MWI,Malawi
MWI,Malawi
MWI,Malawi
MWI,Malawi
MWI,Malawi
MWI,Malawi
MWI,Malawi
MWI,Malawi
MWI,Malawi
MWI,Malawi
MWI,Malawi
MYS,Malaysia
MYS,Malaysia
MYS,Malaysia
MYS,Malaysia
MYS,Malaysia
MYS,Malaysia
MYS,Malaysia
MYS,Malaysia
MYS,Malaysia
MYS,Malaysia
MYS,Malaysia
MYS,Malaysia
MLI,Mali
MLI,Mali
MLI,Mali
MLI,Mali
MLI,Mali
MLI,Mali
MLI,Mali
MLI,Mali
MLI,Mali
MLI,Mali
MLI,Mali
MLI,Mali
MRT,Mauritania
MRT,Mauritania
MRT,Mauritania
MRT,Mauritania
MRT,Mauritania
MRT,Mauritania
MRT,Mauritania
MRT,Mauritania
MRT,Mauritania
MRT,Mauritania
MRT,Mauritania
MRT,Mauritania
MUS,Mauritius
MUS,Mauritius
MUS,Mauritius
MUS,Mauritius
MUS,Mauritius
MUS,Mauritius
MUS,Mauritius
MUS,Mauritius
MUS,Mauritius
MUS,Mauritius
MUS,Mauritius
MUS,Mauritius
MEX,Mexico
MEX,Mexico
MEX,Mexico
MEX,Mexico
MEX,Mexico
MEX,Mexico
MEX,Mexico
MEX,Mexico
MEX,Mexico
MEX,Mexico
MEX,Mexico
MEX,Mexico
MNG,Mongolia
MNG,Mongolia
MNG,Mongolia
MNG,Mongolia
MNG,Mongolia
MNG,Mongolia
MNG,Mongolia
MNG,Mongolia
MNG,Mongolia
MNG,Mongolia
MNG,Mongolia
MNG,Mongolia
MNE,Montenegro
MNE,Montenegro
MNE,Montenegro
MNE,Montenegro
MNE,Montenegro
MNE,Montenegro
MNE,Montenegro
MNE,Montenegro
MNE,Montenegro
MNE,Montenegro
MNE,Montenegro
MNE,Montenegro
MAR,Morocco
MAR,Morocco
MAR,Morocco
MAR,Morocco
MAR,Morocco
MAR,Morocco
MAR,Morocco
MAR,Morocco
MAR,Morocco
MAR,Morocco
MAR,Morocco
MAR,Morocco
MOZ,Mozambique
MOZ,Mozambique
MOZ,Mozambique
MOZ,Mozambique
MOZ,Mozambique
MOZ,Mozambique
MOZ,Mozambique
MOZ,Mozambique
MOZ,Mozambique
MOZ,Mozambique
MOZ,Mozambique
MOZ,Mozambique
MMR,Myanmar
MMR,Myanmar
MMR,Myanmar
MMR,Myanmar
MMR,Myanmar
MMR,Myanmar
MMR,Myanmar
MMR,Myanmar
MMR,Myanmar
MMR,Myanmar
MMR,Myanmar
MMR,Myanmar
"NAM",Namibia
"NAM",Namibia
"NAM",Namibia
"NAM",Namibia
"NAM",Namibia
"NAM",Namibia
"NAM",Namibia
"NAM",Namibia
"NAM",Namibia
"NAM",Namibia
"NAM",Namibia
"NAM",Namibia
NPL,Nepal
NPL,Nepal
NPL,Nepal
NPL,Nepal
NPL,Nepal
NPL,Nepal
NPL,Nepal
NPL,Nepal
NPL,Nepal
NPL,Nepal
NPL,Nepal
NPL,Nepal
NLD,Netherlands
NLD,Netherlands
NLD,Netherlands
NLD,Netherlands
NLD,Netherlands
NLD,Netherlands
NLD,Netherlands
NLD,Netherlands
NLD,Netherlands
NLD,Netherlands
NLD,Netherlands
NLD,Netherlands
NZL,New Zealand
NZL,New Zealand
NZL,New Zealand
NZL,New Zealand
NZL,New Zealand
NZL,New Zealand
NZL,New Zealand
NZL,New Zealand
NZL,New Zealand
NZL,New Zealand
NZL,New Zealand
NZL,New Zealand
NIC,Nicaragua
NIC,Nicaragua
NIC,Nicaragua
NIC,Nicaragua
NIC,Nicaragua
NIC,Nicaragua
NIC,Nicaragua
NIC,Nicaragua
NIC,Nicaragua
NIC,Nicaragua
NIC,Nicaragua
NIC,Nicaragua
NER,Niger
NER,Niger
NER,Niger
NER,Niger
NER,Niger
NER,Niger
NER,Niger
NER,Niger
NER,Niger
NER,Niger
NER,Niger
NER,Niger
NGA,Nigeria
NGA,Nigeria
NGA,Nigeria
NGA,Nigeria
NGA,Nigeria
NGA,Nigeria
NGA,Nigeria
NGA,Nigeria
NGA,Nigeria
NGA,Nigeria
NGA,Nigeria
NGA,Nigeria
NOR,Norway
NOR,Norway
NOR,Norway
NOR,Norway
NOR,Norway
NOR,Norway
NOR,Norway
NOR,Norway
NOR,Norway
NOR,Norway
NOR,Norway
NOR,Norway
OMN,Oman
OMN,Oman
OMN,Oman
OMN,Oman
OMN,Oman
OMN,Oman
OMN,Oman
OMN,Oman
OMN,Oman
OMN,Oman
OMN,Oman
OMN,Oman
PAK,Pakistan
PAK,Pakistan
PAK,Pakistan
PAK,Pakistan
PAK,Pakistan
PAK,Pakistan
PAK,Pakistan
PAK,Pakistan
PAK,Pakistan
PAK,Pakistan
PAK,Pakistan
PAK,Pakistan
PAN,Panama
PAN,Panama
PAN,Panama
PAN,Panama
PAN,Panama
PAN,Panama
PAN,Panama
PAN,Panama
PAN,Panama
PAN,Panama
PAN,Panama
PAN,Panama
PRY,Paraguay
PRY,Paraguay
PRY,Paraguay
PRY,Paraguay
PRY,Paraguay
PRY,Paraguay
PRY,Paraguay
PRY,Paraguay
PRY,Paraguay
PRY,Paraguay
PRY,Paraguay
PRY,Paraguay
PER,Peru
PER,Peru
PER,Peru
PER,Peru
PER,Peru
PER,Peru
PER,Peru
PER,Peru
PER,Peru
PER,Peru
PER,Peru
PER,Peru
PHL,Philippines
PHL,Philippines
PHL,Philippines
PHL,Philippines
PHL,Philippines
PHL,Philippines
PHL,Philippines
PHL,Philippines
PHL,Philippines
PHL,Philippines
PHL,Philippines
PHL,Philippines
POL,Poland
POL,Poland
POL,Poland
POL,Poland
POL,Poland
POL,Poland
POL,Poland
POL,Poland
POL,Poland
POL,Poland
POL,Poland
POL,Poland
PRT,Portugal
PRT,Portugal
PRT,Portugal
PRT,Portugal
PRT,Portugal
PRT,Portugal
PRT,Portugal
PRT,Portugal
PRT,Portugal
PRT,Portugal
PRT,Portugal
PRT,Portugal
PRI,Puerto Rico
PRI,Puerto Rico
PRI,Puerto Rico
PRI,Puerto Rico
PRI,Puerto Rico
PRI,Puerto Rico
PRI,Puerto Rico
PRI,Puerto Rico
PRI,Puerto Rico
PRI,Puerto Rico
PRI,Puerto Rico
PRI,Puerto Rico
REU,Reunion
REU,Reunion
REU,Reunion
REU,Reunion
REU,Reunion
REU,Reunion
REU,Reunion
REU,Reunion
REU,Reunion
REU,Reunion
REU,Reunion
REU,Reunion
ROU,Romania
ROU,Romania
ROU,Romania
ROU,Romania
ROU,Romania
ROU,Romania
ROU,Romania
ROU,Romania
ROU,Romania
ROU,Romania
ROU,Romania
ROU,Romania
RWA,Rwanda
RWA,Rwanda
RWA,Rwanda
RWA,Rwanda
RWA,Rwanda
RWA,Rwanda
RWA,Rwanda
RWA,Rwanda
RWA,Rwanda
RWA,Rwanda
RWA,Rwanda
RWA,Rwanda
STP,Sao Tome and Principe
STP,Sao Tome and Principe
STP,Sao Tome and Principe
STP,Sao Tome and Principe
STP,Sao Tome and Principe
STP,Sao Tome and Principe
STP,Sao Tome and Principe
STP,Sao Tome and Principe
STP,Sao Tome and Principe
STP,Sao Tome and Principe
STP,Sao Tome and Principe
STP,Sao Tome and Principe
SAU,Saudi Arabia
SAU,Saudi Arabia
SAU,Saudi Arabia
SAU,Saudi Arabia
SAU,Saudi Arabia
SAU,Saudi Arabia
SAU,Saudi Arabia
SAU,Saudi Arabia
SAU,Saudi Arabia
SAU,Saudi Arabia
SAU,Saudi Arabia
SAU,Saudi Arabia
SEN,Senegal
SEN,Senegal
SEN,Senegal
SEN,Senegal
SEN,Senegal
SEN,Senegal
SEN,Senegal
SEN,Senegal
SEN,Senegal
SEN,Senegal
SEN,Senegal
SEN,Senegal
SRB,Serbia
SRB,Serbia
SRB,Serbia
SRB,Serbia
SRB,Serbia
SRB,Serbia
SRB,Serbia
SRB,Serbia
SRB,Serbia
SRB,Serbia
SRB,Serbia
SRB,Serbia
SLE,Sierra Leone
SLE,Sierra Leone
SLE,Sierra Leone
SLE,Sierra Leone
SLE,Sierra Leone
SLE,Sierra Leone
SLE,Sierra Leone
SLE,Sierra Leone
SLE,Sierra Leone
SLE,Sierra Leone
SLE,Sierra Leone
SLE,Sierra Leone
SGP,Singapore
SGP,Singapore
SGP,Singapore
SGP,Singapore
SGP,Singapore
SGP,Singapore
SGP,Singapore
SGP,Singapore
SGP,Singapore
SGP,Singapore
SGP,Singapore
SGP,Singapore
SVK,Slovak Republic
SVK,Slovak Republic
SVK,Slovak Republic
SVK,Slovak Republic
SVK,Slovak Republic
SVK,Slovak Republic
SVK,Slovak Republic
SVK,Slovak Republic
SVK,Slovak Republic
SVK,Slovak Republic
SVK,Slovak Republic
SVK,Slovak Republic
SVN,Slovenia
SVN,Slovenia
SVN,Slovenia
SVN,Slovenia
SVN,Slovenia
SVN,Slovenia
SVN,Slovenia
SVN,Slovenia
SVN,Slovenia
SVN,Slovenia
SVN,Slovenia
SVN,Slovenia
SOM,Somalia
SOM,Somalia
SOM,Somalia
SOM,Somalia
SOM,Somalia
SOM,Somalia
SOM,Somalia
SOM,Somalia
SOM,Somalia
SOM,Somalia
SOM,Somalia
SOM,Somalia
ZAF,South Africa
ZAF,South Africa
ZAF,South Africa
ZAF,South Africa
ZAF,South Africa
ZAF,South Africa
ZAF,South Africa
ZAF,South Africa
ZAF,South Africa
ZAF,South Africa
ZAF,South Africa
ZAF,South Africa
ESP,Spain
ESP,Spain
ESP,Spain
ESP,Spain
ESP,Spain
ESP,Spain
ESP,Spain
ESP,Spain
ESP,Spain
ESP,Spain
ESP,Spain
ESP,Spain
LKA,Sri Lanka
LKA,Sri Lanka
LKA,Sri Lanka
LKA,Sri Lanka
LKA,Sri Lanka
LKA,Sri Lanka
LKA,Sri Lanka
LKA,Sri Lanka
LKA,Sri Lanka
LKA,Sri Lanka
LKA,Sri Lanka
LKA,Sri Lanka
SDN,Sudan
SDN,Sudan
SDN,Sudan
SDN,Sudan
SDN,Sudan
SDN,Sudan
SDN,Sudan
SDN,Sudan
SDN,Sudan
SDN,Sudan
SDN,Sudan
SDN,Sudan
SWZ,Swaziland
SWZ,Swaziland
SWZ,Swaziland
SWZ,Swaziland
SWZ,Swaziland
SWZ,Swaziland
SWZ,Swaziland
SWZ,Swaziland
SWZ,Swaziland
SWZ,Swaziland
SWZ,Swaziland
SWZ,Swaziland
SWE,Sweden
SWE,Sweden
SWE,Sweden
SWE,Sweden
SWE,Sweden
SWE,Sweden
SWE,Sweden
SWE,Sweden
SWE,Sweden
SWE,Sweden
SWE,Sweden
SWE,Sweden
CHE,Switzerland
CHE,Switzerland
CHE,Switzerland
CHE,Switzerland
CHE,Switzerland
CHE,Switzerland
CHE,Switzerland
CHE,Switzerland
CHE,Switzerland
CHE,Switzerland
CHE,Switzerland
CHE,Switzerland
SYR,Syria
SYR,Syria
SYR,Syria
SYR,Syria
SYR,Syria
SYR,Syria
SYR,Syria
SYR,Syria
SYR,Syria
SYR,Syria
SYR,Syria
SYR,Syria
TWN,Taiwan
TWN,Taiwan
TWN,Taiwan
TWN,Taiwan
TWN,Taiwan
TWN,Taiwan
TWN,Taiwan
TWN,Taiwan
TWN,Taiwan
TWN,Taiwan
TWN,Taiwan
TWN,Taiwan
TZA,Tanzania
TZA,Tanzania
TZA,Tanzania
TZA,Tanzania
TZA,Tanzania
TZA,Tanzania
TZA,Tanzania
TZA,Tanzania
TZA,Tanzania
TZA,Tanzania
TZA,Tanzania
TZA,Tanzania
THA,Thailand
THA,Thailand
THA,Thailand
THA,Thailand
THA,Thailand
THA,Thailand
THA,Thailand
THA,Thailand
THA,Thailand
THA,Thailand
THA,Thailand
THA,Thailand
TGO,Togo
TGO,Togo
TGO,Togo
TGO,Togo
TGO,Togo
TGO,Togo
TGO,Togo
TGO,Togo
TGO,Togo
TGO,Togo
TGO,Togo
TGO,Togo
TTO,Trinidad and Tobago
TTO,Trinidad and Tobago
TTO,Trinidad and Tobago
TTO,Trinidad and Tobago
TTO,Trinidad and Tobago
TTO,Trinidad and Tobago
TTO,Trinidad and Tobago
TTO,Trinidad and Tobago
TTO,Trinidad and Tobago
TTO,Trinidad and Tobago
TTO,Trinidad and Tobago
TTO,Trinidad and Tobago
TUN,Tunisia
TUN,Tunisia
TUN,Tunisia
TUN,Tunisia
TUN,Tunisia
TUN,Tunisia
TUN,Tunisia
TUN,Tunisia
TUN,Tunisia
TUN,Tunisia
TUN,Tunisia
TUN,Tunisia
TUR,Turkey
TUR,Turkey
TUR,Turkey
TUR,Turkey
TUR,Turkey
TUR,Turkey
TUR,Turkey
TUR,Turkey
TUR,Turkey
TUR,Turkey
TUR,Turkey
TUR,Turkey
UGA,Uganda
UGA,Uganda
UGA,Uganda
UGA,Uganda
UGA,Uganda
UGA,Uganda
UGA,Uganda
UGA,Uganda
UGA,Uganda
UGA,Uganda
UGA,Uganda
UGA,Uganda
GBR,United Kingdom
GBR,United Kingdom
GBR,United Kingdom
GBR,United Kingdom
GBR,United Kingdom
GBR,United Kingdom
GBR,United Kingdom
GBR,United Kingdom
GBR,United Kingdom
GBR,United Kingdom
GBR,United Kingdom
GBR,United Kingdom
USA,United States
USA,United States
USA,United States
USA,United States
USA,United States
USA,United States
USA,United States
USA,United States
USA,United States
USA,United States
USA,United States
USA,United States
URY,Uruguay
URY,Uruguay
URY,Uruguay
URY,Uruguay
URY,Uruguay
URY,Uruguay
URY,Uruguay
URY,Uruguay
URY,Uruguay
URY,Uruguay
URY,Uruguay
URY,Uruguay
VEN,Venezuela
VEN,Venezuela
VEN,Venezuela
VEN,Venezuela
VEN,Venezuela
VEN,Venezuela
VEN,Venezuela
VEN,Venezuela
VEN,Venezuela
VEN,Venezuela
VEN,Venezuela
VEN,Venezuela
VNM,Vietnam
VNM,Vietnam
VNM,Vietnam
VNM,Vietnam
VNM,Vietnam
VNM,Vietnam
VNM,Vietnam
VNM,Vietnam
VNM,Vietnam
VNM,Vietnam
VNM,Vietnam
VNM,Vietnam
PSE,West Bank and Gaza
PSE,West Bank and Gaza
PSE,West Bank and Gaza
PSE,West Bank and Gaza
PSE,West Bank and Gaza
PSE,West Bank and Gaza
PSE,West Bank and Gaza
PSE,West Bank and Gaza
PSE,West Bank and Gaza
PSE,West Bank and Gaza
PSE,West Bank and Gaza
PSE,West Bank and Gaza
YEM,"Yemen, Rep."
YEM,"Yemen, Rep."
YEM,"Yemen, Rep."
YEM,"Yemen, Rep."
YEM,"Yemen, Rep."
YEM,"Yemen, Rep."
YEM,"Yemen, Rep."
YEM,"Yemen, Rep."
YEM,"Yemen, Rep."
YEM,"Yemen, Rep."
YEM,"Yemen, Rep."
YEM,"Yemen, Rep."
ZMB,Zambia
ZMB,Zambia
ZMB,Zambia
ZMB,Zambia
ZMB,Zambia
ZMB,Zambia
ZMB,Zambia
ZMB,Zambia
ZMB,Zambia
ZMB,Zambia
ZMB,Zambia
ZMB,Zambia
ZWE,Zimbabwe
ZWE,Zimbabwe
ZWE,Zimbabwe
ZWE,Zimbabwe
ZWE,Zimbabwe
ZWE,Zimbabwe
ZWE,Zimbabwe
ZWE,Zimbabwe
ZWE,Zimbabwe
ZWE,Zimbabwe
ZWE,Zimbabwe
ZWE,Zimbabwe
